{
    "stats_summary": {
        "mnv3s-16": {
            "mean": 0.07531292289495468,
            "median": 0.07358241081237793,
            "std_dev": 0.009958470073210164,
            "min": 0.07257556915283203,
            "max": 0.1613774299621582,
            "25th_percentile": 0.07332479953765869,
            "75th_percentile": 0.07385694980621338
        },
        "mnv3s-32": {
            "mean": 0.07507469326257706,
            "median": 0.07328057289123535,
            "std_dev": 0.010146703822077816,
            "min": 0.07253289222717285,
            "max": 0.17798757553100586,
            "25th_percentile": 0.0730966329574585,
            "75th_percentile": 0.07347005605697632
        },
        "mnv3s-64": {
            "mean": 0.07480983957648277,
            "median": 0.07303762435913086,
            "std_dev": 0.010278950788122868,
            "min": 0.07204437255859375,
            "max": 0.1672804355621338,
            "25th_percentile": 0.07277107238769531,
            "75th_percentile": 0.07332724332809448
        }
    },
    "comparisons": [
        {
            "model1": "mnv3s-16",
            "model2": "mnv3s-32",
            "t_statistic": 0.6700514373614895,
            "p_value": 0.5028733791635668,
            "significant": false
        },
        {
            "model1": "mnv3s-16",
            "model2": "mnv3s-64",
            "t_statistic": 1.4056251974971132,
            "p_value": 0.1599325910751337,
            "significant": false
        },
        {
            "model1": "mnv3s-32",
            "model2": "mnv3s-64",
            "t_statistic": 0.7332636644139358,
            "p_value": 0.46345137794801305,
            "significant": false
        }
    ]
}